id,name,age,address,phone
1,John Doe,25,123 Main St,555-555-5555
2,Jane Doe,30,456 Maple St,555-555-5556
3,Jim Smith,35,789 Oak St,555-555-5557
4,Jill Johnson,40,1011 Pine St,555-555-5558
5,Joe Jackson,45,1213 Elm St,555-555-5559
6,Jack Brown,50,1415 Birch St,555-555-5560
7,Judy Davis,55,1617 Cedar St,555-555-5561
8,Jeff Miller,60,1819 Spruce St,555-555-5562
9,Jennifer Wilson,65,2021 Alder St,555-555-5563
10,Jeremy Moore,70,2223 Willow St,555-555-5564
11,Julia Taylor,75,2425 Pine St,555-555-5565
12,James Anderson,80,2627 Oak St,555-555-5566
13,Jessica Thomas,85,2829 Maple St,555-555-5567
14,Joseph Jackson,90,3031 Birch St,555-555-5568
15,Joan White,95,3233 Cedar St,555-555-5569
16,Jerry Harris,100,3435 Spruce St,555-555-5570
17,Jane Martin,105,3637 Alder St,555-555-5571
18,John Thompson,110,3839 Willow St,555-555-5572
19,Jill Garcia,115,4041 Pine St,555-555-5573
20,Jennifer Martinez,120,4243 Oak St,555-555-5574
21,Jeffrey Robinson,125,4445 Maple St,555-555-5575
22,Julie Clark,130,4647 Birch St,555-555-5576
23,Joel Rodriguez,135,4849 Cedar St,555-555-5577
24,Jessie Lewis,140,5051 Spruce St,555-555-5578
25,Jack Lee,145,5253 Alder St,555-555-5579
26,Judy Walker,150,5455 Willow St,555-555-5580
27,Jim Hall,155,5657 Pine St,555-555-5581
28,Jill Allen,160,5859 Oak St,555-555-5582
29,Joe Young,165,6061 Maple St,555-555-5583
30,Jeremy Hernandez,170,6263 Birch St,555-555-5584
